页面,功能点,功能描述,子任务/技术要点,优先级,验收标准
登录页,角色选择,用户选择登录角色（广告主/创作者）,"1. 角色选择组件（Radio/Tabs）<br>2. 广告主/创作者两个选项<br>3. 选中状态样式",P0,选择高亮显示；默认可设置推荐角色
登录页,手机号输入,输入11位手机号,"1. 手机号输入框<br>2. 输入限制（只能输入数字）<br>3. 最大长度11位<br>4. placeholder: ""请输入手机号""",P0,输入框只能输入数字；最多11位；格式：1[3-9]开头的11位数字
登录页,验证码输入,输入6位验证码,"1. 验证码输入框<br>2. 输入限制（只能输入数字）<br>3. 最大长度6位<br>4. placeholder: ""请输入验证码""",P0,输入框只能输入数字；最多6位
登录页,发送验证码,发送验证码到手机,"1. ""发送验证码""按钮<br>2. 点击后60秒倒计时<br>3. 倒计时期间按钮禁用<br>4. 倒计时文案：""60s后重新发送""<br>5. 后端接口：POST /api/auth/send-code",P0,点击后开始60秒倒计时；倒计时期间按钮不可点击；倒计时结束后恢复可点击状态
登录页,表单验证,验证手机号和验证码格式,"1. 手机号正则验证：^1[3-9]\\d{9}$<br>2. 验证码长度验证：6位数字<br>3. 手机号为空时提示：""请输入手机号""<br>4. 验证码为空时提示：""请输入验证码""<br>5. 手机号格式错误提示：""请输入正确的手机号""",P0,输入错误手机号时显示错误提示；验证码少于6位时提示
登录页,登录按钮,提交登录表单,"1. ""登录""按钮（全宽）<br>2. 按钮loading状态<br>3. 登录中禁用按钮<br>4. 后端接口：POST /api/auth/login",P0,点击后按钮显示loading；登录中不可重复点击；登录成功后跳转
登录页,登录成功跳转,根据角色跳转不同页面,"1. 广告主跳转到 /client-workspace<br>2. 创作者检测个人信息完善状态<br>3. 未完善则跳转个人信息补充页<br>4. 已完善则跳转到 /creator-workspace<br>5. 存储token到localStorage",P0,广告主登录后跳转工作台；创作者首次登录跳转完善信息页
登录页,登录失败处理,处理登录失败情况,"1. 后端返回错误提示<br>2. Toast显示错误信息<br>3. 清空验证码输入框<br>4. 按钮恢复可点击状态",P0,登录失败时显示错误toast；验证码框清空；按钮可重新点击
登录页,测试账号,方便测试的快速登录,"1. 测试验证码：123456<br>2. 可选：显示测试提示文案",P1,输入123456可以登录成功
注册页,角色选择,用户选择注册角色（广告主/创作者）,"1. 角色选择组件<br>2. 广告主/创作者两个选项<br>3. 角色说明文案",P0,选择高亮显示
注册页,手机号输入,输入11位手机号,"1. 手机号输入框<br>2. 输入限制（只能输入数字）<br>3. 最大长度11位<br>4. placeholder: ""请输入手机号""",P0,输入框只能输入数字；最多11位
注册页,验证码输入,输入6位验证码,"1. 验证码输入框<br>2. 输入限制（只能输入数字）<br>3. 最大长度6位<br>4. placeholder: ""请输入验证码""",P0,输入框只能输入数字；最多6位
注册页,发送验证码,发送验证码到手机,"1. ""发送验证码""按钮<br>2. 点击后60秒倒计时<br>3. 倒计时期间按钮禁用<br>4. 后端接口：POST /api/auth/send-code",P0,点击后开始60秒倒计时；倒计时期间按钮不可点击
注册页,用户协议勾选,勾选同意用户协议和隐私政策,"1. Checkbox组件<br>2. 协议链接（可点击查看）<br>3. 必须勾选才能注册<br>4. 未勾选时点击注册提示",P0,未勾选时点击注册显示提示；勾选后可以注册
注册页,注册按钮,提交注册表单,"1. ""注册""按钮（全宽）<br>2. 按钮loading状态<br>3. 注册中禁用按钮<br>4. 后端接口：POST /api/auth/register",P0,点击后按钮显示loading；注册中不可重复点击；注册成功后自动登录
注册页,注册成功跳转,注册成功后的页面跳转,"1. 首次注册跳转到个人信息补充页（创作者）<br>2. 首次注册跳转到工作台引导页（广告主）<br>3. 存储token到localStorage",P0,创作者注册后跳转完善信息；广告主注册后跳转工作台
首页,Hero区域背景,全屏背景图展示,"1. 背景图片组件<br>2. 响应式适配（桌面端/移动端）<br>3. 图片懒加载<br>4. 渐变遮罩层",P0,背景图正确显示；不同屏幕尺寸自适应
首页,主标题,主标题展示和动画,"1. 主标题：""释放每一个创意的商业引力""<br>2. 渐变文字效果<br>3. fadeInUp动画<br>4. 响应式字号",P0,标题正确显示；有渐变效果；滚动到视口时触发动画
首页,副标题,副标题展示,"1. 副标题：""商业广告视频素材定制撮合服务平台""<br>2. 字体样式<br>3. fadeInUp动画（延迟）",P0,副标题正确显示；动画延迟触发
首页,搜索框,Hero区域搜索框,"1. 搜索输入框<br>2. placeholder: ""搜索任何素材要求""<br>3. 搜索图标<br>4. 回车触发搜索<br>5. 搜索按钮（可选）",P0,输入关键词后回车跳转到/orders?q=关键词；搜索按钮点击同样跳转
首页,热门标签,热门搜索标签展示,"1. 标签列表（Chips组件）<br>2. 热门关键词：爆款视频裂变、电商KOC种草、UGC优质原创、本地生活探店、小说短剧发行<br>3. 边框样式<br>4. 点击跳转搜索",P0,热门标签正确显示；点击后跳转到/orders?q=标签关键词
首页,平台信任背书,展示支持的平台,"1. 平台图标列表<br>2. 平台名称：抖音、小红书、快手、巨量广告、种草视频<br>3. 图标+文字组合<br>4. 水平排列",P0,平台图标和名称正确显示；水平排列整齐
首页,解决方案标题,限时0手续费标签,"1. 小标签/L徽章<br>2. 文案：""限时0手续费""<br>3. 突出颜色",P0,标签正确显示；颜色突出
首页,解决方案主标题,模块主标题,"1. 标题：""面向创作者/OPC的一站式内容变现平台""<br>2. 字体样式",P0,标题正确显示
首页,解决方案列表,创作者平台优势展示,"1. 4个优势点卡片<br>2. 每个包含：标题+说明<br>3. 图标/徽章<br>4. hover效果<br>5. 内容：<br>   - 过审内容获取保底收益<br>   - 首创盲盒审片机制<br>   - 首创双段确权交易<br>   - 灵活的接单模式",P0,4个优势点正确展示；hover时有交互效果；图标清晰
首页,广告主优势标题,广告主平台优势模块标题,"1. 标题：""瑞豆，为你增添无限火力""<br>2. 字体样式",P0,标题正确显示
首页,广告主优势列表,广告主平台优势展示,"1. 4个优势点展示<br>2. 每个包含：标题+描述<br>3. 左右布局（桌面端）<br>4. 上下布局（移动端）<br>5. 配图/图标<br>6. 内容：<br>   - 覆盖主流投放平台与行业<br>   - 海量风格样片极速对标<br>   - 极具竞争力的规模化价格<br>   - 标准化交付与品质质检",P0,4个优势点正确展示；桌面端左右布局；移动端上下堆叠
首页,CTA标题,最终行动号召标题,"1. 标题：""收入，触手可及 | 爆量，如此简单""<br>2. 字体样式<br>3. 居中对齐",P0,标题正确显示；居中对齐
首页,CTA按钮,""加入热力豆""按钮,"1. 按钮组件（大尺寸）<br>2. 文案：""加入热力豆""<br>3. 点击跳转/login<br>4. hover效果",P0,点击后跳转到登录页；hover有效果
首页,Navbar导航栏,顶部导航栏,"1. Logo展示<br>2. 导航菜单：首页、任务大厅、登录/工作台<br>3. 滚动时背景变色<br>4. 响应式菜单（移动端汉堡菜单）<br>5. 用户信息展示（已登录）<br>6. 未读消息徽章",P0,导航栏固定顶部；滚动后背景变化；移动端菜单可展开
首页,Footer页脚,页面底部信息,"1. 快捷链接（5个分类）<br>2. 公司信息：杭州快有量科技有限公司<br>3. 备案号、许可证等信息<br>4. 版权信息：© 2026 加热豆®<br>5. 社交媒体链接",P0,所有信息正确显示；链接可点击
首页,首页埋点,首页行为数据埋点,"1. 搜索行为埋点（关键词、时间）<br>2. 热门标签点击埋点<br>3. CTA按钮点击埋点<br>4. 页面停留时长",P1,记录用户搜索和点击行为
任务大厅,页面标题,顶部标题区,"1. 主标题：""任务大厅""<br>2. 副标题：""发现海量素材任务，找到适合您的创作机会""",P0,标题正确显示
任务大厅,平台Tabs,平台筛选Tab组件,"1. Tab列表：全部、抖音、快手、小红书、视频号、B站<br>2. Tab样式<br>3. 选中状态高亮<br>4. URL参数同步：?platform=xxx<br>5. 后端接口：GET /api/orders?platform=xxx",P0,点击Tab筛选对应平台订单；URL参数同步
任务大厅,服务选项筛选,视频类型筛选,"1. 下拉选择组件<br>2. 选项：不限、爆款复刻、原创内容<br>3. 选中状态<br>4. 后端接口联调",P0,下拉选项正确显示；选择后筛选订单
任务大厅,佣金范围筛选,价格区间筛选,"1. 下拉选择组件<br>2. 选项：不限、¥100以下、¥100-300、¥300-600、¥600以上<br>3. 选中状态<br>4. 后端接口联调",P0,下拉选项正确显示；选择后筛选订单
任务大厅,交付时间筛选,任务时效筛选,"1. 下拉选择组件<br>2. 选项：不限、普通（72小时）、加急（48小时）、特急（24小时）<br>3. 选中状态<br>4. 后端接口联调",P0,下拉选项正确显示；选择后筛选订单
任务大厅,搜索框,任务关键词搜索,"1. 搜索输入框<br>2. placeholder: ""搜索任务关键词""<br>3. 回车触发搜索<br>4. 搜索按钮<br>5. 从首页跳转时自动填充<br>6. 后端接口：GET /api/orders?q=xxx",P0,输入关键词搜索；回车或点击按钮触发；从首页跳转时自动填充
任务大厅,排序方式,订单排序功能,"1. 下拉选择组件<br>2. 选项：成交最多、佣金从低到高、佣金从高到低、最新上架<br>3. 默认：成交最多<br>4. 后端接口：GET /api/orders?sort=xxx",P0,下拉选项正确显示；切换排序后列表按新规则展示
任务大厅,结果数量,显示搜索结果数量,"1. 文案：""共X条结果""<br>2. 动态更新<br>3. 空数据时显示""暂无任务""",P0,筛选/搜索后数量正确更新
任务大厅,任务卡片,订单卡片组件,"1. 服务标题（最多2行，超出省略）<br>2. 平台标签Badge（彩色）<br>3. 广告主头像Avatar<br>4. 评分星星展示<br>5. 佣金价格（高亮显示）<br>6. 时效标签（加急红点）<br>7. ""立即查看""按钮<br>8. 点击跳转订单详情<br>9. 后端接口数据联调",P0,卡片信息完整展示；点击跳转详情页
任务大厅,任务卡片网格,卡片网格布局,"1. 4列网格（桌面端）<br>2. 3列（小屏幕）<br>3. 2列（平板）<br>4. 1列（手机）<br>5. 间距设置",P0,响应式网格布局；不同屏幕正确显示列数
任务大厅,分页器,分页组件,"1. 上一页/下一页按钮<br>2. 页码展示<br>3. 当前页高亮<br>4. 超过范围时禁用按钮<br>5. 后端接口：GET /api/orders?page=1&limit=20",P0,分页切换正常；页码正确更新；超过范围时禁用
任务大厅,空状态,无任务时展示,"1. 空状态插图<br>2. 提示文案：""暂无任务""<br>3. ""去发布任务""按钮（广告主）<br>4. ""浏览其他分类""按钮",P0,无任务时显示空状态图；广告主可点击跳转发布页
任务大厅,筛选重置,重置所有筛选条件,"1. ""重置""按钮<br>2. 清空所有筛选条件<br>3. 恢复默认状态",P0,点击后清空所有筛选；恢复默认排序和全部数据
任务大厅,骨架屏Loading,加载时展示骨架屏,"1. 任务卡片骨架屏<br>2. 多个卡片占位<br>3. 动画效果",P1,数据加载时显示骨架屏；加载完成后显示真实数据
任务大厅,任务大厅埋点,用户行为埋点,"1. 筛选条件使用埋点<br>2. 排序方式使用埋点<br>3. 搜索关键词埋点<br>4. 任务卡片点击埋点<br>5. 分页行为埋点",P1,记录用户筛选、搜索、点击行为
订单详情,面包屑导航,页面导航路径,"1. 首页 → 任务大厅 → 订单标题<br>2. 首页可点击（跳转/）<br>3. 任务大厅可点击（跳转/orders）<br>4. 订单标题不可点击<br>5. 移动端省略显示",P0,面包屑正确显示；点击正确跳转
订单详情,订单标题,订单标题展示,"1. 订单标题（大字号）<br>2. 字体样式",P0,标题正确显示
订单详情,评分信息,广告主评分展示,"1. 评分：4.9（星星图标）<br>2. 评价数量：（128条评价）",P0,评分和评价数正确显示
订单详情,投稿统计,投稿和验收统计,"1. 已收到投稿数徽章<br>2. 已验收数徽章<br>3. 文案：""已投稿180单，已验收X/Y单""",P0,投稿和验收数量正确显示
订单详情,广告主信息,广告主信息卡片,"1. 广告主头像（圆形）<br>2. 广告主名称（可点击）<br>3. 验收通过率：订单完结数/收到投稿数<br>4. 平均验收时间：3小时<br>5. 点击跳转创作者详情<br>6. 后端接口数据联调",P0,广告主信息完整展示；点击跳转详情页
订单详情,封面图,订单主视觉,"1. 封面图片展示<br>2. 轮播图（多张）<br>3. 视频预览（可选）<br>4. ""起量素材""等角标<br>5. 图片懒加载",P0,封面图正确显示；支持轮播；角标突出显示
订单详情,任务名称,当前任务信息,"1. 区块标题：""当前任务""<br>2. 任务名称展示",P0,任务名称正确显示
订单详情,佣金价格,价格信息展示,"1. 佣金总价：¥XXX（大字号高亮）<br>2. 第一次验收预估：¥XXX（30%）<br>3. 第二次验收预估：¥XXX（70%）",P0,价格正确计算和显示；第一次30%、第二次70%
订单详情,简要描述,任务简短描述,"1. 描述文本（100字左右）<br>2. 字体样式",P0,描述正确显示
订单详情,素材条数,素材数量展示,"1. 文案：""4条15s竖版信息流视频""<br>2. 字体样式",P0,素材条数正确显示
订单详情,出片时间,任务时效,"1. 文案：""72小时""或""48小时""或""24小时""<br>2. 加急标记（24h显示特急）",P0,时效正确显示；加急标记突出
订单详情,AI创作,AI接受情况,"1. 文案：""接受AI创作""或""不接受AI创作""<br>2. 图标标识",P0,AI接受情况正确显示
订单详情,场景要求,场景要求说明,"1. 场景：不限/实景/外景/特殊<br>2. 自定义输入展示",P0,场景要求正确显示
订单详情,视频风格,视频风格说明,"1. 风格：不限/正式/幽默/特殊<br>2. 自定义输入展示",P0,视频风格正确显示
订单详情,配音要求,配音要求说明,"1. 配音：不限/普通话/方言<br>2. 方言详情展示",P0,配音要求正确显示
订单详情,任务时间,任务起止时间,"1. 开始时间：YYYY-MM-DD HH:mm<br>2. 结束时间：YYYY-MM-DD HH:mm<br>3. 剩余时间倒计时（可选）",P0,任务时间正确显示；格式化显示
订单详情,服务详情,任务详细描述,"1. 区块标题：""服务详情""<br>2. 富文本内容<br>3. 任务其他说明<br>4. 制作流程、协同方式等",P0,详细描述正确展示；富文本正常渲染
订单详情,""立即抢单""按钮,创作者接单按钮,"1. 按钮组件（大尺寸，固定底部/右侧）<br>2. 文案：""立即抢单""<br>3. 未登录点击跳转/login<br>4. 已登录点击弹出确认弹窗<br>5. 后端接口：POST /api/bids",P0,未登录跳转登录；已登录弹出确认弹窗
订单详情,接单确认弹窗,确认接单弹窗,"1. Dialog组件<br>2. 确认文案：""确认接单吗？""<br>3. 提示：""每位创作者只能同时进行接单3个任务""<br>4. 取消/确认按钮<br>5. 确认后创建投标记录",P0,弹窗正确显示；确认后提交投标
订单详情,接单前置校验,接单前检查条件,"1. 个人信息完善检查<br>2. 接单数量限制检查（<3个）<br>3. 订单状态检查（approved）<br>4. 拒绝记录检查<br>5. 任务过期检查<br>6. 各种错误提示：<br>   - ""请先完善个人信息""<br>   - ""最多同时接单3个任务""<br>   - ""您曾对该订单投标被拒绝，无法再次接单""<br>   - ""该订单已过期""<br>7. 后端接口：GET /api/bids/check-eligible",P0,前置条件全部检查；错误提示准确显示
订单详情,加载状态,页面加载骨架屏,"1. 骨架屏组件<br>2. 主要区块占位<br>3. 动画效果",P1,数据加载时显示骨架屏
订单详情,错误状态,加载失败处理,"1. 错误提示<br>2. 重试按钮<br>3. 404状态（订单不存在）",P1,加载失败时显示错误和重试按钮
订单详情,订单详情埋点,用户行为埋点,"1. 页面访问埋点（订单ID）<br>2. ""立即抢单""点击埋点<br>3. 接单成功/失败埋点<br>4. 前置校验失败埋点",P1,记录订单访问和接单行为
发布订单,页面布局,全屏发布页面布局,"1. 无Navbar和Footer<br>2. 左侧表单区<br>3. 右侧预览区（桌面端）<br>4. 响应式布局（移动端上下堆叠）",P0,全屏展示；桌面端左右布局
发布订单,进度指示器,表单步骤进度,"1. 进度条组件<br>2. 步骤：基本信息、详细描述、任务参数、任务时间<br>3. 当前步骤高亮<br>4. 已完成步骤标记<br>5. 点击步骤跳转（可选）",P0,进度条正确显示；步骤高亮
发布订单,任务标题输入,输入任务标题,"1. 输入框组件<br>2. placeholder: ""请输入任务标题""<br>3. 最少5个字符验证<br>4. 最多100个字符<br>5. 字数统计<br>6. 实时验证",P0,输入框正常；少于5字符时提示错误；字数统计实时显示
发布订单,视频类型选择,选择视频类型,"1. 单选组件<br>2. 选项：爆款复刻、原创内容<br>3. 选中状态",P0,单选功能正常；选中状态高亮
发布订单,佣金价格输入,输入任务佣金,"1. 数字输入框<br>2. placeholder: ""请输入佣金价格""<br>3. 正整数验证<br>4. 大于0验证<br>5. 单位：元",P0,只能输入正整数；小于等于0时提示错误
发布订单,基础要求,任务基础要求输入,"1. Textarea组件<br>2. placeholder: ""请输入基础要求（选填）""<br>3. 最多2000字<br>4. 字数统计<br>5. 实时验证",P0,输入框正常；超过2000字时提示；字数统计实时显示
发布订单,硬性要求,任务硬性要求输入,"1. Textarea组件<br>2. placeholder: ""请输入硬性要求（必填）""<br>3. 最多2000字<br>4. 必填验证<br>5. 字数统计",P0,输入框正常；为空时提示；字数统计实时显示
发布订单,非硬性要求,非硬性要求输入,"1. Textarea组件<br>2. placeholder: ""请输入非硬性要求（选填）""<br>3. 最多2000字<br>4. 字数统计",P0,输入框正常；字数统计实时显示
发布订单,补充说明,任务补充说明输入,"1. Textarea组件<br>2. placeholder: ""请输入补充说明（选填）""<br>3. 最多2000字<br>4. 字数统计",P0,输入框正常；字数统计实时显示
发布订单,素材条数,输入素材条数,"1. 数字输入框<br>2. placeholder: ""请输入素材条数""<br>3. 正整数验证<br>4. 大于0验证",P0,只能输入正整数；小于等于0时提示错误
发布订单,接受AI创作,选择是否接受AI,"1. 单选组件<br>2. 选项：接受、不接受<br>3. 默认：不接受<br>4. 选中状态",P0,单选功能正常；默认值正确
发布订单,场景要求,输入场景要求,"1. 输入框组件<br>2. placeholder: ""不限、实景、外景或特殊场景（20字以内）""<br>3. 最多20字<br>4. 字数统计",P0,输入框正常；超过20字时提示
发布订单,视频风格,输入视频风格,"1. 输入框组件<br>2. placeholder: ""不限、正式、幽默或特殊风格（20字以内）""<br>3. 最多20字<br>4. 字数统计",P0,输入框正常；超过20字时提示
发布订单,配音要求,选择配音要求,"1. 下拉选择组件<br>2. 选项：不限、普通话、各地方言<br>3. 选中状态",P0,下拉选择正常；选中状态高亮
发布订单,投放平台,选择投放平台,"1. 下拉选择组件<br>2. 选项：抖音、快手、小红书、腾讯广告、其他<br>3. 必填验证<br>4. 选中状态",P0,下拉选择正常；为空时提示错误
发布订单,分辨率选择,选择视频分辨率,"1. 单选组件<br>2. 选项：9:16、4:3、1:1<br>3. 默认：9:16<br>4. 选中状态",P0,单选功能正常；默认值正确
发布订单,任务时效,选择任务时效,"1. 单选组件<br>2. 选项：72小时、48小时、24小时<br>3. 默认：72小时<br>4. 选中状态<br>5. 加急标识（24h/48h）",P0,单选功能正常；默认值正确
发布订单,开始时间,选择任务开始时间,"1. DateTimePicker组件<br>2. placeholder: ""请选择开始时间""<br>3. 必须晚于当前时间<br>4. 日期格式：YYYY-MM-DD HH:mm",P0,时间选择正常；早于当前时间时提示
发布订单,结束时间,选择任务结束时间,"1. DateTimePicker组件<br>2. placeholder: ""请选择结束时间""<br>3. 必须晚于开始时间<br>4. 至少间隔24小时<br>5. 日期格式：YYYY-MM-DD HH:mm",P0,时间选择正常；早于开始时间时提示；间隔不足24小时时提示
发布订单,参考图上传,上传参考图/视频,"1. 文件上传组件<br>2. 支持图片和视频<br>3. 最多4个文件<br>4. 文件大小限制<br>5. 上传进度显示<br>6. 预览缩略图<br>7. 删除功能<br>8. 后端接口：POST /api/upload",P0,上传功能正常；最多4个；显示进度；可删除
发布订单,AI预审按钮,AI预审功能,"1. ""AI预审""按钮<br>2. 点击后显示loading<br>3. 后端接口：POST /api/orders/ai-review<br>4. 等待AI返回结果",P0,点击后loading；AI返回结果后展示弹窗
发布订单,AI预审结果弹窗,显示AI预审结果,"1. Dialog组件<br>2. 结果类型：success/warning/info<br>3. 结果内容展示<br>4. ""继续修改""按钮<br>5. ""确认发布""按钮<br>6. 点击后关闭弹窗",P0,弹窗正确显示；按钮功能正常
发布订单,右侧预览,实时预览订单信息,"1. 任务标题预览<br>2. 价格预览（第一次30%、第二次70%）<br>3. 参数预览<br>4. 实时更新",P1,表单填写时预览实时更新；价格正确计算
发布订单,保存草稿,保存订单草稿,"1. ""保存草稿""按钮<br>2. 本地存储或后端存储<br>3. 下次打开时恢复<br>4. 后端接口：POST /api/orders/draft",P1,点击保存；下次打开可恢复
发布订单,确认发布,提交订单发布,"1. ""确认发布""按钮<br>2. 表单最终验证<br>3. 提交到后端<br>4. 订单状态变更为""审核中""<br>5. 跳转到广告主工作台<br>6. 后端接口：POST /api/orders",P0,点击提交；验证通过后提交；成功后跳转工作台
发布订单,表单验证,表单字段验证,"1. 必填项验证<br>2. 格式验证<br>3. 长度验证<br>4. 逻辑验证（时间关系）<br>5. 提交前全局验证<br>6. 错误提示定位",P0,所有验证正常；提交时全局验证；错误定位准确
发布订单,离开确认,离开页面确认,"1. 未保存时离开提示<br>2. ""订单尚未发布，确定离开吗？""<br>3. 确定/取消按钮",P1,有未保存内容时离开弹出确认
发布订单,发布订单埋点,用户行为埋点,"1. 表单填写进度埋点<br>2. AI预审使用埋点<br>3. 发布成功/失败埋点<br>4. 草稿保存埋点",P1,记录填写和发布行为
广告主工作台,页面布局,工作台布局结构,"1. 左侧导航栏<br>2. 顶部用户信息区<br>3. 主内容区<br>4. 响应式布局",P0,布局清晰；响应式适配
广告主工作台,用户信息区,顶部用户信息,"1. 用户头像<br>2. 用户名称<br>3. 账户余额<br>4. 设置入口<br>5. 退出登录按钮<br>6. 后端接口：GET /api/users/me",P0,用户信息正确显示；余额准确；退出登录功能正常
广告主工作台,导航菜单,左侧Tab导航,"1. 5个Tab：我的任务、投标管理、创作者管理、消息中心、财务管理<br>2. Tab图标+文案<br>3. 选中状态高亮<br>4. 徽章提示（未读数量）<br>5. 切换动画",P0,Tab切换正常；徽章显示未读数；选中状态高亮
广告主工作台,发布任务入口,快捷发布按钮,"1. ""发布任务""按钮（突出显示）<br>2. 点击跳转/post-order",P0,按钮突出显示；点击跳转发布页
广告主工作台,我的任务Tab,任务管理Tab,"1. 订单列表展示<br>2. 订单卡片组件<br>3. 后端接口：GET /api/orders/my-orders",P0,订单列表正确展示
广告主工作台,订单状态筛选,任务状态筛选,"1. 筛选条件：全部、审核中、审核通过、审核驳回、进行中、已下架、已结束<br>2. Tab或下拉筛选<br>3. 选中状态",P0,筛选功能正常；选中状态高亮
广告主工作台,订单状态标签,订单状态Badge,"1. 审核中-紫色<br>2. 审核通过-绿色<br>3. 审核驳回-红色<br>4. 进行中-蓝色<br>5. 已下架-灰色<br>6. 已结束-灰色",P0,状态颜色正确；文案准确
广告主工作台,订单操作,订单操作按钮,"1. 下架订单按钮<br>2. 编辑订单按钮（未审核通过）<br>3. 删除订单按钮（无投标时）<br>4. 确认弹窗<br>5. 后端接口：PUT /api/orders/:id/offline、DELETE /api/orders/:id",P0,操作功能正常；确认弹窗显示
广告主工作台,投标管理Tab,投标管理Tab,"1. 投标列表展示<br>2. 投标卡片组件<br>3. 后端接口：GET /api/bids/my-bids",P0,投标列表正确展示
广告主工作台,投标状态筛选,投标状态筛选,"1. 筛选条件：全部、待审核、预审已通过、待交付、已完成、已拒绝<br>2. Tab或下拉筛选<br>3. 选中状态",P0,筛选功能正常；选中状态高亮
广告主工作台,查看视频,查看创作者上传的视频,"1. 3个视频：高光时刻、水印版、高清完整版<br>2. 视频播放器<br>3. 全屏查看<br>4. 后端接口：GET /api/bids/:id/videos",P0,视频正确加载播放；全屏功能正常
广告主工作台,确认通过,审核通过投标,"1. ""确认通过""按钮<br>2. 余额检查（后端）<br>3. 扣除尾款<br>4. 生成授权书<br>5. 开放无水印视频下载<br>6. 确认弹窗<br>7. 后端接口：POST /api/bids/:id/approve",P0,点击后扣除尾款；生成授权书；余额不足时提示
广告主工作台,请求修改,要求创作者修改,"1. ""修改""按钮<br>2. 修改意见输入框（最多500字）<br>3. 字数统计<br>4. 确认弹窗<br>5. 后端接口：POST /api/bids/:id/request-change",P0,修改意见输入正常；字数限制；提交成功后状态更新
广告主工作台,订单冻结,冻结订单处理纠纷,"1. ""订单冻结""按钮<br>2. 冻结原因输入框（必填）<br>3. 确认弹窗<br>4. 后端接口：POST /api/bids/:id/freeze",P0,冻结原因必填；提交成功后状态更新
广告主工作台,查看创作者,查看创作者详情,"1. ""查看创作者""链接/按钮<br>2. 跳转到创作者详情页<br>3. 参数传递",P0,点击跳转创作者详情页
广告主工作台,创作者管理Tab,合作创作者管理,"1. 创作者列表展示<br>2. 创作者卡片组件<br>3. 收藏/屏蔽操作<br>4. 后端接口：GET /api/creators/my-creators",P1,创作者列表正确展示；收藏/屏蔽功能正常
广告主工作台,消息中心Tab,消息管理Tab,"1. 消息列表展示<br>2. 消息状态（已读/未读）<br>3. 消息类型图标<br>4. 标记已读/删除<br>5. 后端接口：GET /api/messages",P1,消息列表正确展示；标记已读功能正常
广告主工作台,财务管理Tab,财务管理Tab,"1. 账户余额展示<br>2. 交易记录列表<br>3. 充值按钮<br>4. 提现按钮<br>5. 后端接口：GET /api/users/transactions",P1,余额正确显示；交易记录完整；充值功能可用
广告主工作台,广告主工作台埋点,用户行为埋点,"1. Tab切换埋点<br>2. 订单操作埋点<br>3. 投标审核埋点<br>4. 发布任务点击埋点",P1,记录操作行为
创作者工作台,页面布局,工作台布局结构,"1. 左侧导航栏<br>2. 顶部用户信息区<br>3. 主内容区<br>4. 响应式布局",P0,布局清晰；响应式适配
创作者工作台,用户信息区,顶部用户信息,"1. 用户头像<br>2. 用户名称<br>3. 等级徽章（青铜/白银/黄金/铂金）<br>4. 完成订单数<br>5. 评分<br>6. 设置入口<br>7. 退出登录按钮<br>8. 后端接口：GET /api/users/me、GET /api/creators/level",P0,用户信息正确显示；等级徽章根据订单数显示
创作者工作台,导航菜单,左侧Tab导航,"1. 4个Tab：我的任务、作品集、消息中心、收入管理<br>2. Tab图标+文案<br>3. 选中状态高亮<br>4. 徽章提示（未读数量）<br>5. 切换动画",P0,Tab切换正常；徽章显示未读数；选中状态高亮
创作者工作台,我的任务Tab,任务管理Tab,"1. 任务列表展示<br>2. 任务卡片组件<br>3. 后端接口：GET /api/bids/my-bids",P0,任务列表正确展示
创作者工作台,任务状态筛选,任务状态筛选,"1. 筛选条件：全部、待上传视频、待审核、待交付、已完成、审核未通过、订单冻结<br>2. Tab或下拉筛选<br>3. 选中状态",P0,筛选功能正常；选中状态高亮
创作者工作台,任务状态标签,任务状态Badge,"1. 待上传视频-灰色<br>2. 待审核-蓝色<br>3. 待交付-黄色<br>4. 已完成-绿色<br>5. 审核未通过-红色<br>6. 订单冻结-灰色",P0,状态颜色正确；文案准确
创作者工作台,上传视频,上传3个视频,"1. ""上传视频""按钮<br>2. 3个视频上传区：高光时刻（5-10秒）、水印版、高清完整版<br>3. 文件类型限制（MP4/MOV/AVI/MKV）<br>4. 文件大小限制<br>5. 上传进度显示<br>6. 视频预览<br>7. 后端接口：POST /api/bids/:id/videos",P0,3个视频都必填；文件类型验证；上传进度显示
创作者工作台,视频时长校验,高光视频时长验证,"1. 高光视频时长验证（5-10秒）<br>2. 不符合时提示：""高光视频时长应为5-10秒""<br>3. 后端或前端验证",P0,时长不符时提示错误；阻止提交
创作者工作台,重新上传,重新上传视频,"1. ""重新上传""按钮（待交付/审核未通过状态）<br>2. 覆盖已上传视频<br>3. 确认弹窗<br>4. 后端接口：PUT /api/bids/:id/videos",P0,重新上传功能正常；覆盖后视频更新
创作者工作台,查看修改意见,查看广告主修改意见,"1. 修改意见展示<br>2. 修改时间戳<br>3. 已读/未读状态<br>4. 后端接口：GET /api/bids/:id/feedback",P0,修改意见正确显示；未读时高亮
创作者工作台,作品集Tab,作品集管理Tab,"1. 作品列表展示<br>2. 作品卡片组件<br>3. 上传作品按钮<br>4. 后端接口：GET /api/works/my-works",P1,作品列表正确展示；上传按钮可用
创作者工作台,上传作品,上传作品到作品集,"1. 上传作品弹窗/页面<br>2. 视频上传<br>3. 作品标题输入<br>4. 作品描述输入<br>5. 作品标签<br>6. 后端接口：POST /api/works",P1,上传功能正常；作品信息完整
创作者工作台,编辑作品,编辑已上传作品,"1. 编辑按钮<br>2. 编辑弹窗/页面<br>3. 修改标题/描述/标签<br>4. 后端接口：PUT /api/works/:id",P1,编辑功能正常；保存后更新
创作者工作台,删除作品,删除已上传作品,"1. 删除按钮<br>2. 确认弹窗<br>3. 后端接口：DELETE /api/works/:id",P1,删除功能正常；确认后移除
创作者工作台,置顶作品,置顶作品展示,"1. 置顶按钮<br>2. 最多置顶4个<br>3. 超过限制时提示：""最多只能置顶4个作品""<br>4. 取消置顶功能<br>5. 后端接口：PUT /api/works/:id/pin",P1,置顶功能正常；超过4个时提示
创作者工作台,消息中心Tab,消息管理Tab,"1. 消息列表展示<br>2. 消息状态（已读/未读）<br>3. 消息类型图标<br>4. 标记已读/删除<br>5. 后端接口：GET /api/messages",P1,消息列表正确展示；标记已读功能正常
创作者工作台,收入管理Tab,收入管理Tab,"1. 收入统计卡片（总收入、可提现、冻结中）<br>2. 交易记录列表<br>3. 提现按钮<br>4. 提现规则说明<br>5. 后端接口：GET /api/creators/earnings",P1,收入统计正确；交易记录完整；提现功能可用
创作者工作台,创作者工作台埋点,用户行为埋点,"1. Tab切换埋点<br>2. 视频上传埋点<br>3. 重新上传埋点<br>4. 作品集操作埋点<br>5. 提现操作埋点",P1,记录操作行为
创作者个人信息补充,引导弹窗,首次登录引导弹窗,"1. 弹窗标题：""欢迎加入瑞豆！请先完善个人信息""<br>2. 说明：""完善个人信息后，您就可以开始接单啦""<br>3. ""立即完善""按钮<br>4. ""稍后再说""按钮<br>5. 点击""立即完善""跳转完善流程<br>6. 点击""稍后再说""进入任务大厅",P0,首次登录时弹出；按钮功能正常
创作者个人信息补充,强制完善检查,接单前强制检查,"1. 点击""立即抢单""时检查isProfileComplete<br>2. 未完善时强制提示弹窗<br>3. 提示：""接单前请先完善个人信息，这样才能让广告主更好地了解您""<br>4. 只有""立即完善""按钮<br>5. 强制跳转完善页面",P0,未完善时点击抢单弹出强制提示；点击后跳转完善页
创作者个人信息补充,步骤1-技能选择,选择擅长技能,"1. 页面标题：""请告诉我们你最擅长的技能""<br>2. 技能分类列表（网站IT、写作、设计、数据分析、销售等）<br>3. 多选复选框<br>4. 每个技能显示职位数量<br>5. 底部提示：""20项技能中仅选出1项  已选择X项技能""<br>6. 验证：至少选择1项<br>7. ""下一步""按钮<br>8. ""上一步""按钮（隐藏）",P0,技能列表正确展示；多选功能正常；至少选择1项才能下一步；底部提示实时更新
创作者个人信息补充,步骤2-姓名填写,填写姓和名,"1. 页面标题：""你叫什么名字？""<br>2. ""名""(First Name)输入框[必填]<br>3. ""姓""(Last Name)输入框[必填]<br>4. 验证：1-50个字符<br>5. 示例提示<br>6. ""上一步""/""下一步""按钮",P0,输入框正常；姓和名都必填；验证规则生效
创作者个人信息补充,步骤3-自我描述,填写职位和自我描述,"1. 页面标题：""请简单介绍一下你自己""<br>2. ""你做什么工作？""输入框[必填，最多100字]<br>3. ""请描述一下你自己""输入框[必填，最多500字]<br>4. 字数统计<br>5. 示例提示<br>6. ""上一步""/""下一步""按钮",P0,输入框正常；字数统计实时更新；验证规则生效
创作者个人信息补充,步骤4-语言与生日,选择语言和出生日期,"1. 页面标题：""基本信息""<br>2. ""你会说哪些语言？""多选下拉框<br>3. 选项：中文、英语、日语、韩语等<br>4. 默认：已勾选""中文""[必填，至少一项]<br>5. ""你什么时候出生？""日期选择器<br>6. 验证：必须年满16周岁<br>7. 错误提示：""您必须年满16周岁才能使用瑞豆平台""<br>8. ""上一步""/""完成""按钮",P0,语言多选正常；日期选择正常；年龄验证生效
创作者个人信息补充,步骤进度指示,显示当前步骤,"1. 进度条组件<br>2. 显示当前步骤（1/4、2/4等）<br>3. 已完成步骤高亮<br>4. 当前步骤激活<br>5. 未完成步骤灰色",P1,进度条正确显示；步骤切换时更新
创作者个人信息补充,提交个人信息,提交完善信息,"1. 前端验证所有必填字段<br>2. 提交到后端保存<br>3. 创建/更新CreatorProfile记录<br>4. 设置isProfileComplete=true<br>5. 记录completedAt时间<br>6. 成功提示：""个人信息已完善，现在可以去接单啦！""<br>7. 自动跳转到任务大厅<br>8. 后端接口：POST /api/creators/profile",P0,所有验证通过后提交；成功后显示提示；自动跳转任务大厅
创作者个人信息补充,数据暂存,每步数据暂存,"1. 每步数据暂存到localStorage<br>2. 下次打开时恢复<br>3. 提交后清除暂存<br>4. 返回时恢复暂存数据",P1,每步自动暂存；下次打开恢复
创作者个人信息补充,个人信息埋点,完善流程埋点,"1. 开始完善时间<br>2. 完成时间<br>3. 每步停留时长<br>4. 选择的技能<br>5. 完成率统计",P1,记录完善流程数据
创作者列表,页面标题,顶部标题区,"1. 主标题：""创作者列表""<br>2. 副标题：""发现优质创作者，找到合适的合作伙伴""",P0,标题正确显示
创作者列表,等级筛选,创作者等级筛选,"1. 筛选条件：全部、青铜创作者、白银创作者、黄金创作者、铂金创作者<br>2. Chip或Tab筛选<br>3. 选中状态<br>4. 后端接口：GET /api/creators?level=xxx",P0,筛选功能正常；选中状态高亮
创作者列表,行业筛选,创作者擅长行业筛选,"1. 下拉选择或Tag筛选<br>2. 行业列表<br>3. 多选支持<br>4. 后端接口联调",P0,筛选功能正常；多选支持
创作者列表,平台筛选,创作者擅长平台筛选,"1. 下拉选择或Tag筛选<br>2. 平台列表：抖音、快手、小红书等<br>3. 多选支持<br>4. 后端接口联调",P0,筛选功能正常；多选支持
创作者列表,排序方式,创作者排序功能,"1. 下拉选择<br>2. 选项：评分最高、完成订单最多、最新加入<br>3. 后端接口：GET /api/creators?sort=xxx",P0,排序功能正常；切换后列表更新
创作者列表,搜索框,创作者关键词搜索,"1. 搜索输入框<br>2. placeholder: ""搜索创作者""<br>3. 回车触发搜索<br>4. 后端接口：GET /api/creators?q=xxx",P0,搜索功能正常；回车触发
创作者列表,创作者卡片,创作者信息卡片,"1. 头像（圆形）<br>2. 创作者名称<br>3. 一句话简介<br>4. 等级徽章<br>5. 评分星星<br>6. 完成订单数<br>7. ""查看详情""按钮<br>8. 点击跳转详情页<br>9. 后端接口数据联调",P0,卡片信息完整；点击跳转详情页
创作者列表,创作者卡片网格,卡片网格布局,"1. 4列网格（桌面端）<br>2. 3列（小屏幕）<br>3. 2列（平板）<br>4. 1列（手机）<br>5. 间距设置",P0,响应式网格布局；不同屏幕正确显示列数
创作者列表,分页器,分页组件,"1. 上一页/下一页按钮<br>2. 页码展示<br>3. 当前页高亮<br>4. 后端接口：GET /api/creators?page=1&limit=20",P0,分页切换正常；页码正确更新
创作者列表,空状态,无创作者时展示,"1. 空状态插图<br>2. 提示文案",P0,无创作者时显示空状态图
创作者列表,创作者列表埋点,用户行为埋点,"1. 筛选条件使用埋点<br>2. 排序方式使用埋点<br>3. 搜索关键词埋点<br>4. 创作者卡片点击埋点",P1,记录用户行为
创作者详情,面包屑导航,页面导航路径,"1. 首页 → 创作者列表 → 创作者名称<br>2. 首页可点击<br>3. 创作者列表可点击<br>4. 创作者名称不可点击",P0,面包屑正确显示；点击正确跳转
创作者详情,创作者头部,创作者基础信息,"1. 头像（大尺寸圆形）<br>2. 创作者名称<br>3. 一句话简介<br>4. 所在地：中国·广州<br>5. 加入时间：自2021年加入<br>6. 后端接口数据联调",P0,所有信息正确显示
创作者详情,关键指标,创作者统计信息,"1. 总体评分：4.9<br>2. 评价数量：共256条素材服务评价<br>3. 完成素材任务数：完成500+素材任务<br>4. 后端接口数据联调",P0,所有指标正确显示
创作者详情,等级徽章,创作者等级展示,"1. 等级徽章：青铜/白银/黄金/铂金<br>2. 徽章颜色：<br>   - 青铜：#cd7f32<br>   - 白银：#c0c0c0<br>   - 黄金：#ffd700<br>   - 铂金：#e5e4e2<br>3. 根据完成订单数自动计算<br>4. 后端接口数据联调",P0,等级徽章正确显示；根据订单数计算
创作者详情,关于我,创作者详细简介,"1. 区块标题：""关于我""<br>2. 富文本内容<br>3. 团队背景、擅长行业与平台<br>4. 常用创作手法<br>5. 后端接口数据联调",P0,简介内容正确显示；富文本正常渲染
创作者详情,技能,创作者技能标签,"1. 区块标题：""技能""<br>2. 技能标签列表（Chips）<br>3. 后端接口数据联调",P0,技能标签正确显示
创作者详情,我的客户,合作客户展示,"1. 区块标题：""我的客户""<br>2. 客户logo/名称列表<br>3. 后端接口数据联调",P1,客户信息正确显示
创作者详情,创作者任务列表,创作者在售任务,"1. 区块标题：""我的素材任务""<br>2. 任务卡片网格<br>3. 任务信息：标题、平台、价格、评分等<br>4. 点击跳转任务详情<br>5. 后端接口：GET /api/creators/:id/orders",P0,任务列表正确显示；点击跳转详情页
创作者详情,客户评价,来自客户的评价,"1. 区块标题：""来自客户的评价""<br>2. 评价列表<br>3. 评价星级<br>4. 评价内容<br>5. 评价时间<br>6. 后端接口：GET /api/creators/:id/reviews",P1,评价列表正确显示；星级正确渲染
创作者详情,联系按钮,联系创作者按钮,"1. ""联系创作者""按钮<br>2. 点击发起对话或跳转消息中心<br>3. 或打开站内信对话窗口",P1,点击后发起对话
创作者详情,收藏按钮,收藏创作者功能,"1. 收藏按钮（心形图标）<br>2. 收藏/取消收藏<br>3. 收藏状态高亮<br>4. 后端接口：POST /api/creators/:id/favorite",P1,收藏功能正常；状态正确更新
创作者详情,创作者详情埋点,用户行为埋点,"1. 页面访问埋点<br>2. 收藏点击埋点<br>3. 联系点击埋点<br>4. 任务点击埋点",P1,记录用户行为
消息中心,页面布局,消息中心布局,"1. 消息列表区<br>2. 消息详情区（可选，右侧或弹窗）<br>3. 筛选工具条<br>4. 响应式布局",P1,布局清晰；响应式适配
消息中心,消息筛选,消息状态筛选,"1. 筛选条件：全部、未读、已读<br>2. Tab筛选<br>3. 选中状态<br>4. 后端接口：GET /api/messages?status=unread",P1,筛选功能正常；选中状态高亮
消息中心,消息类型筛选,消息类型筛选,"1. 筛选条件：全部、系统通知、投标通知、审核通知、修改通知、付款通知<br>2. 下拉或Tag筛选<br>3. 后端接口：GET /api/messages?type=xxx",P1,筛选功能正常
消息中心,消息列表,消息列表展示,"1. 消息卡片组件<br>2. 消息类型图标<br>3. 消息标题+内容预览<br>4. 发送时间<br>5. 已读/未读状态标识<br>6. 点击标记已读<br>7. 后端接口：GET /api/messages",P1,消息列表正确展示；未读消息高亮；点击标记已读
消息中心,消息详情,查看消息详情,"1. 点击消息展开详情<br>2. 完整消息内容<br>3. 相关操作按钮（跳转相关页面）<br>4. 关闭按钮",P1,点击展开详情；相关操作按钮可用
消息中心,批量操作,批量标记已读/删除,"1. ""全部标记已读""按钮<br>2. 批量删除按钮<br>3. 选择框（可选）<br>4. 确认弹窗<br>5. 后端接口：PUT /api/messages/read-all、DELETE /api/messages/batch",P1,批量操作功能正常；确认弹窗显示
消息中心,删除消息,删除单条消息,"1. 删除按钮<br>2. 确认弹窗<br>3. 后端接口：DELETE /api/messages/:id",P1,删除功能正常；确认后移除
消息中心,空状态,无消息时展示,"1. 空状态插图<br>2. 提示文案：""暂无消息""",P1,无消息时显示空状态图
消息中心,消息中心埋点,用户行为埋点,"1. 消息点击埋点<br>2. 消息已读埋点<br>3. 消息删除埋点",P1,记录用户行为
视频审核,页面布局,全屏审核页面布局,"1. 全屏布局（无Navbar和Footer）<br>2. 视频播放器（大尺寸居中）<br>3. 视频切换Tab<br>4. 操作按钮区<br>5. 订单信息卡片<br>6. 返回按钮<br>7. 响应式布局",P0,全屏展示；视频居中
视频审核,视频播放器,HTML5视频播放器,"1. 播放/暂停控制<br>2. 音量控制<br>3. 全屏切换<br>4. 进度条拖拽<br>5. 播放速度调节（0.5x/1x/1.5x/2x）<br>6. 视频信息展示（时长、分辨率）",P0,所有控制功能正常；播放流畅
视频审核,视频切换Tab,3个视频切换,"1. 3个Tab：高光时刻、水印版、高清完整版<br>2. Tab切换<br>3. 选中状态样式<br>4. 高清版权限控制（交付后才可查看）<br>5. 无权限提示",P0,Tab切换视频；高清版未交付时提示
视频审核,订单信息,订单简要信息,"1. 订单标题<br>2. 广告主信息<br>3. 创作者信息<br>4. 任务参数<br>5. 后端接口：GET /api/bids/:id",P0,订单信息正确显示
视频审核,确认通过,审核通过操作,"1. ""确认通过""按钮<br>2. 余额检查（后端）<br>3. 扣除尾款<br>4. 生成授权书<br>5. 开放无水印视频下载<br>6. 确认弹窗<br>7. 后端接口：POST /api/bids/:id/approve",P0,点击后扣除尾款；余额不足时提示
视频审核,请求修改,要求修改操作,"1. ""修改""按钮<br>2. 修改意见输入框（最多500字）<br>3. 字数统计<br>4. 确认弹窗<br>5. 后端接口：POST /api/bids/:id/request-change",P0,修改意见输入正常；字数限制；提交成功后状态更新
视频审核,订单冻结,冻结订单操作,"1. ""订单冻结""按钮<br>2. 冻结原因输入框（必填）<br>3. 确认弹窗<br>4. 后端接口：POST /api/bids/:id/freeze",P0,冻结原因必填；提交成功后状态更新
视频审核,返回按钮,返回上一页,"1. ""返回""按钮<br>2. 点击返回工作台",P0,点击后返回工作台
视频审核,键盘快捷键,快捷键控制,"1. 空格键：播放/暂停<br>2. ESC键：退出全屏<br>3. 左右方向键：快进/快退",P1,快捷键功能正常
视频审核,视频加载优化,视频加载优化,"1. 视频预加载<br>2. 加载状态展示<br>3. 加载失败提示<br>4. 重试按钮",P1,视频快速加载；加载失败时提示
视频审核,视频审核埋点,用户行为埋点,"1. 页面访问埋点<br>2. 视频播放时长埋点<br>3. 审核操作埋点<br>4. 视频切换埋点",P1,记录用户行为
用户仪表盘,页面布局,个人中心布局,"1. 用户信息头部<br>2. 功能菜单列表<br>3. 响应式布局",P1,布局清晰；响应式适配
用户仪表盘,用户信息,用户信息展示,"1. 用户头像<br>2. 用户名称<br>3. 角色标识<br>4. 账户余额<br>5. 后端接口：GET /api/users/me",P1,用户信息正确显示
用户仪表盘,功能菜单,功能菜单列表,"1. 个人信息<br>2. 账户设置<br>3. 消息通知<br>4. 帮助中心<br>5. 退出登录",P1,菜单列表正确显示；点击可跳转
用户仪表盘,个人信息编辑,编辑个人信息,"1. 编辑按钮<br>2. 编辑弹窗/页面<br>3. 头像上传<br>4. 昵称输入<br>5. 邮箱输入<br>6. 后端接口：PUT /api/users/me",P1,编辑功能正常；保存后更新
用户仪表盘,账户设置,账户设置功能,"1. 密码修改<br>2. 手机号绑定<br>3. 第三方账号绑定",P1,设置功能可用
用户仪表盘,消息通知设置,通知偏好设置,"1. 消息通知开关<br>2. 邮件通知开关<br>3. 短信通知开关<br>4. 后端接口：PUT /api/users/settings",P1,设置功能正常；保存后生效
使用说明,页面布局,帮助页面布局,"1. 标题区<br>2. 内容区<br>3. 侧边导航（可选）",P1,布局清晰
使用说明,内容展示,平台使用说明,"1. 富文本内容<br>2. 平台介绍<br>3. 使用流程<br>4. 常见问题<br>5. 视频教程（可选）",P1,内容正确展示；富文本正常渲染
使用说明,导航菜单,内容章节导航,"1. 章节列表<br>2. 点击跳转到对应章节<br>3. 当前章节高亮",P1,导航功能正常；点击跳转正确
广告主认证,页面布局,认证页面布局,"1. 认证表单区<br>2. 认证说明区<br>3. 步骤指示器",P0,布局清晰
广告主认证,企业信息,企业信息填写,"1. 企业名称输入<br>2. 统一社会信用代码输入<br>3. 企业地址输入<br>4. 联系人姓名输入<br>5. 联系电话输入<br>6. 表单验证",P0,输入框正常；验证规则生效
广告主认证,资质上传,上传资质文件,"1. 营业执照上传<br>2. 其他资质文件上传<br>3. 文件类型限制（图片/PDF）<br>4. 文件大小限制<br>5. 上传进度显示<br>6. 预览功能<br>7. 后端接口：POST /api/upload",P0,上传功能正常；预览可用
广告主认证,提交认证,提交认证审核,"1. ""提交认证""按钮<br>2. 表单验证<br>3. 提交到后端<br>4. 认证状态变更为""审核中""<br>5. 成功提示<br>6. 后端接口：POST /api/advertisers/certification",P0,提交功能正常；验证通过后提交
广告主认证,认证状态,认证状态展示,"1. 未认证、审核中、已通过、已驳回<br>2. 状态图标和颜色<br>3. 驳回原因展示<br>4. 重新认证按钮（已驳回）",P0,状态正确显示；驳回原因清晰
广告主认证,认证说明,认证说明文档,"1. 认证流程说明<br>2. 认证所需材料<br>3. 认证审核时间<br>4. 认证权益说明",P1,说明文档完整清晰
管理员登录,管理员登录表单,管理员登录界面,"1. 用户名输入框<br>2. 密码输入框<br>3. ""登录""按钮<br>4. 表单验证<br>5. 后端接口：POST /api/admin/login",P0,登录功能正常；验证生效
管理员登录,登录成功跳转,登录后跳转,"1. 跳转到/admin<br>2. 存储admin token",P0,登录成功后跳转数据概览页
管理后台-数据概览,统计卡片,平台核心数据统计,"1. 总订单数<br>2. 总用户数（广告主）<br>3. 总创作者数<br>4. 总交易额<br>5. 后端接口：GET /api/admin/stats",P0,统计数据正确；实时更新
管理后台-数据概览,订单趋势图,订单数据趋势,"1. 折线图或柱状图<br>2. 时间范围筛选（7天/30天/90天）<br>3. 数据更新<br>4. 后端接口：GET /api/admin/stats/orders-trend",P0,图表正常渲染；数据准确
管理后台-数据概览,用户增长图,用户数据增长,"1. 折线图<br>2. 时间范围筛选<br>3. 数据更新<br>4. 后端接口：GET /api/admin/stats/users-growth",P0,图表正常渲染；数据准确
管理后台-订单管理,订单列表,所有订单列表,"1. 表格展示<br>2. 筛选条件（状态/平台/时间范围）<br>3. 搜索功能<br>4. 分页<br>5. 后端接口：GET /api/admin/orders",P0,订单列表正确展示；筛选功能正常
管理后台-订单管理,订单详情,订单详情查看,"1. 详情按钮/弹窗<br>2. 订单完整信息<br>3. 后端接口：GET /api/admin/orders/:id",P0,详情信息完整
管理后台-订单管理,审核操作,订单审核操作,"1. ""审核通过""按钮<br>2. ""审核驳回""按钮<br>3. 驳回原因输入<br>4. 确认弹窗<br>5. 后端接口：PUT /api/admin/orders/:id/review",P0,审核操作正常；驳回原因必填
管理后台-用户管理,用户列表,广告主用户列表,"1. 表格展示<br>2. 筛选条件（状态/注册时间）<br>3. 搜索功能<br>4. 分页<br>5. 后端接口：GET /api/admin/users",P0,用户列表正确展示；筛选功能正常
管理后台-用户管理,用户详情,用户详情查看,"1. 详情按钮/弹窗<br>2. 用户完整信息<br>3. 订单历史<br>4. 后端接口：GET /api/admin/users/:id",P0,详情信息完整
管理后台-用户管理,用户状态管理,启用/禁用用户,"1. ""启用""/""禁用""按钮<br>2. 确认弹窗<br>3. 后端接口：PUT /api/admin/users/:id/status",P0,状态管理正常
管理后台-创作者管理,创作者列表,创作者用户列表,"1. 表格展示<br>2. 筛选条件（等级/状态/注册时间）<br>3. 搜索功能<br>4. 分页<br>5. 后端接口：GET /api/admin/creators",P0,创作者列表正确展示；筛选功能正常
管理后台-创作者管理,创作者详情,创作者详情查看,"1. 详情按钮/弹窗<br>2. 创作者完整信息<br>3. 订单历史<br>4. 后端接口：GET /api/admin/creators/:id",P0,详情信息完整
管理后台-创作者管理,等级管理,创作者等级设置,"1. 等级设置按钮<br>2. 手动调整等级<br>3. 确认弹窗<br>4. 后端接口：PUT /api/admin/creators/:id/level",P0,等级设置正常
管理后台-审核管理,待审核列表,待审核订单列表,"1. 表格展示<br>2. 筛选条件<br>3. 搜索功能<br>4. 分页<br>5. 后端接口：GET /api/admin/reviews",P0,待审核列表正确展示
管理后台-审核管理,订单审核,审核订单,"1. 订单详情查看<br>2. ""审核通过""按钮<br>3. ""审核驳回""按钮<br>4. 驳回原因输入<br>5. 确认弹窗<br>6. 后端接口：PUT /api/admin/reviews/:id/approve",P0,审核功能正常；驳回原因必填
管理后台-内容管理,内容列表,待审核内容列表,"1. 表格展示<br>2. 筛选条件<br>3. 搜索功能<br>4. 分页<br>5. 后端接口：GET /api/admin/content",P1,内容列表正确展示
管理后台-内容管理,内容审核,审核内容,"1. 内容详情查看<br>2. 视频播放<br>3. ""审核通过""按钮<br>4. ""审核驳回""按钮<br>5. 驳回原因输入<br>6. 后端接口：PUT /api/admin/content/:id/review",P1,审核功能正常；视频可播放
管理后台-系统设置,设置表单,平台配置设置,"1. 平台名称<br>2. 平台Logo上传<br>3. 联系方式<br>4. 备案信息<br>5. 保存按钮<br>6. 后端接口：GET /api/admin/settings、PUT /api/admin/settings",P1,设置表单正常；保存成功后生效
管理后台-系统设置,支付配置,支付方式配置,"1. 支付方式配置<br>2. 支付参数设置<br>3. 保存按钮<br>4. 后端接口：PUT /api/admin/settings/payment",P1,配置保存正常
管理后台-系统设置,消息模板,消息模板配置,"1. 系统消息模板<br>2. 邮件模板<br>3. 短信模板<br>4. 保存按钮<br>5. 后端接口：PUT /api/admin/settings/messages",P1,模板配置保存正常
管理后台-数据导出,数据导出功能,导出订单/用户数据,"1. ""导出订单""按钮<br>2. ""导出用户""按钮<br>3. 时间范围选择<br>4. 导出进度显示<br>5. 下载链接<br>6. 后端接口：GET /api/admin/export/orders、GET /api/admin/export/users",P1,导出功能正常；Excel格式正确
